Workbook

Sheet Sheet1
A1: 音声合成評価シート
B3: ＜評価方法＞ (1). 添付のhtmlにて音声を再生。 ※必ずヘッドホンで聞いて下さい (2): 再生した番号の音声に対し、以下の５段階にて、評価ください。 1: 非常に悪い(Bad) 2: 悪い(Poor) 3: 普通Fair) 4: 良い(Good) 5: 非常に良い(Excellent) コメント等あれば発話ごとにでも全体でもいいので記載をお願いします | D3: 優れているかは以下の感想にあるような基準を考慮して判断して下さい ・声がかすれた様に聞こえていないか ・ノイズが乗っているように聞こえていないか ・シャリシャリと鳴っているように聞こえていないか
B5: 文章 | C5: 投票 | D5: コメント(あれば)
A6: No. 1 | B6: 運転するときは、いくら注意してもしすぎることはありません。
A7: No. 2 | B7: 価値観の違う人とうまくやっていくのは難しい。
A8: No. 3 | B8: 馬というものは、ひじょうに役に立つ。
A9: No. 4 | B9: 北海道に行ったら、やっぱり、海の幸を食べないと、行った意味がないでしょう。
A10: No. 5 | B10: 冗談にしろ、恐怖からにしろ、決してうそを言うな。
A11: No. 6 | B11: 橋の上に立っている人を知っていますか。
A12: No. 7 | B12: 知り合いの修理屋さんに電話して、壊れた洗濯機をすぐさま直してもらうわ。
A13: No. 8 | B13: テキサス州は、メキシコと接している。
A14: No. 9 | B14: 剣歯虎が絶滅したのは、氷河時代であった。
A15: No. 10 | B15: テニスにもあるけど、４大大会って何。
A16: No. 11 | B16: 北海道に行ったら、やっぱり、海の幸を食べないと、行った意味がないでしょう。
A17: No. 12 | B17: 実も結ぶが、挿し木でも根付くらしい。
... A165: No. 160 | B165: 通勤列車に乗ると、鞄が棚に、きちんと並べられていることが見える。
A166: No. 161
A167: No. 162
A168: No. 163
A169: No. 164
A170: No. 165
A171: No. 166
A172: No. 167
A173: No. 168
A174: No. 169
A175: No. 170
A176: No. 171
A177: No. 172
... A185: No. 180

Sheet Sheet2
A1: =Sheet1!C6 -> 0
A2: =Sheet1!C7 -> 0
A3: =Sheet1!C8 -> 0
A4: =Sheet1!C9 -> 0
A5: =Sheet1!C10 -> 0
A6: =Sheet1!C11 -> 0
A7: =Sheet1!C12 -> 0
A8: =Sheet1!C13 -> 0
A9: =Sheet1!C14 -> 0
A10: =Sheet1!C15 -> 0
A11: =Sheet1!C16 -> 0
A12: =Sheet1!C17 -> 0
... A446: =Sheet1!C451 -> 0
